속성 L 코드,속성 L 세분류코드,속성 L 소분류코드,속성 L 중분류코드,속성 L 대분류코드
1,1,1,1,2004
2,2,2,1,2004
3,3,2,1,2004
4,3,2,1,2004
5,5,2,1,2004
6,5,2,1,2004
7,5,2,1,2004
8,5,2,1,2004
9,9,2,1,2004
10,9,2,1,2004
11,9,2,1,2004
12,12,2,1,2004
13,12,2,1,2004
14,14,2,1,2004
15,14,2,1,2004
16,14,2,1,2004
17,14,2,1,2004
18,18,18,1,2004
19,19,18,1,2004
20,19,18,1,2004
21,19,18,1,2004
22,22,18,1,2004
23,22,18,1,2004
24,24,18,1,2004
25,24,18,1,2004
26,24,18,1,2004
27,27,18,1,2004
28,27,18,1,2004
29,27,18,1,2004
30,30,30,1,2004
31,31,30,1,2004
32,31,30,1,2004
33,33,33,1,2004
34,34,33,1,2004
35,34,33,1,2004
36,34,33,1,2004
37,37,33,1,2004
38,37,33,1,2004
39,39,39,1,2004
40,40,39,1,2004
41,40,39,1,2004
42,42,42,42,2004
43,43,43,42,2004
44,44,43,42,2004
45,44,43,42,2004
46,44,43,42,2004
47,47,43,42,2004
48,47,43,42,2004
49,49,43,42,2004
50,49,43,42,2004
51,51,43,42,2004
52,51,43,42,2004
53,53,53,53,2004
54,54,54,53,2004
55,55,54,53,2004
56,55,54,53,2004
57,55,54,53,2004
58,58,54,53,2004
59,58,54,53,2004
60,60,60,53,2004
61,61,60,53,2004
62,61,60,53,2004
63,61,60,53,2004
64,61,60,53,2004
65,65,60,53,2004
66,65,60,53,2004
67,67,67,67,2005
68,68,68,67,2005
69,69,68,67,2005
70,69,68,67,2005
71,71,71,67,2005
72,72,71,67,2005
73,72,71,67,2005
74,74,74,74,2005
75,75,75,74,2005
76,76,75,74,2005
77,76,75,74,2005
78,78,78,74,2005
79,79,78,74,2005
80,79,78,74,2005
81,81,81,81,2005
82,82,82,81,2005
83,83,82,81,2005
84,83,82,81,2005
85,85,82,81,2005
86,85,82,81,2005
87,85,82,81,2005
88,88,88,81,2005
89,89,88,81,2005
90,89,88,81,2005
91,91,88,81,2005
92,91,88,81,2005
93,93,88,81,2005
94,93,88,81,2005
95,95,95,95,2005
96,96,96,95,2005
97,97,96,95,2005
98,97,96,95,2005
99,99,99,99,2006
100,100,100,99,2006
101,101,100,99,2006
102,101,100,99,2006
103,101,100,99,2006
104,104,100,99,2006
105,104,100,99,2006
106,104,100,99,2006
107,104,100,99,2006
108,108,108,99,2006
109,109,108,99,2006
110,109,108,99,2006
111,109,108,99,2006
112,109,108,99,2006
113,109,108,99,2006
114,114,108,99,2006
115,114,108,99,2006
116,116,116,99,2006
117,117,116,99,2006
118,117,116,99,2006
119,117,116,99,2006
120,117,116,99,2006
121,121,121,99,2006
122,122,121,99,2006
123,122,121,99,2006
124,122,121,99,2006
125,122,121,99,2006
126,126,126,99,2006
127,127,126,99,2006
128,127,126,99,2006
129,127,126,99,2006
130,130,130,99,2006
131,131,130,99,2006
132,131,130,99,2006
133,131,130,99,2006
134,131,130,99,2006
135,131,130,99,2006
136,136,130,99,2006
137,136,130,99,2006
138,138,138,99,2006
139,139,138,99,2006
140,139,138,99,2006
141,139,138,99,2006
142,139,138,99,2006
143,143,138,99,2006
144,143,138,99,2006
145,145,138,99,2006
146,145,138,99,2006
147,147,138,99,2006
148,147,138,99,2006
149,147,138,99,2006
150,147,138,99,2006
151,147,138,99,2006
152,152,138,99,2006
153,152,138,99,2006
154,152,138,99,2006
155,155,138,99,2006
156,155,138,99,2006
157,155,138,99,2006
158,155,138,99,2006
159,155,138,99,2006
160,155,138,99,2006
161,155,138,99,2006
162,155,138,99,2006
163,155,138,99,2006
164,164,164,99,2006
165,165,164,99,2006
166,165,164,99,2006
167,165,164,99,2006
168,168,168,168,2006
169,169,169,168,2006
170,170,169,168,2006
171,170,169,168,2006
172,170,169,168,2006
173,170,169,168,2006
174,174,169,168,2006
175,174,169,168,2006
176,174,169,168,2006
177,174,169,168,2006
178,178,178,168,2006
179,179,178,168,2006
180,179,178,168,2006
181,179,178,168,2006
182,179,178,168,2006
183,183,183,183,2006
184,184,184,183,2006
185,185,184,183,2006
186,185,184,183,2006
187,187,187,187,2006
188,188,188,187,2006
189,189,188,187,2006
190,189,188,187,2006
191,189,188,187,2006
192,189,188,187,2006
193,189,188,187,2006
194,189,188,187,2006
195,195,195,187,2006
196,196,195,187,2006
197,196,195,187,2006
198,196,195,187,2006
199,196,195,187,2006
200,196,195,187,2006
201,201,195,187,2006
202,201,195,187,2006
203,201,195,187,2006
204,201,195,187,2006
205,201,195,187,2006
206,201,195,187,2006
207,201,195,187,2006
208,208,208,187,2006
209,209,208,187,2006
210,209,208,187,2006
211,211,211,187,2006
212,212,211,187,2006
213,212,211,187,2006
214,212,211,187,2006
215,212,211,187,2006
216,212,211,187,2006
217,217,217,187,2006
218,218,217,187,2006
219,218,217,187,2006
220,220,217,187,2006
221,220,217,187,2006
222,220,217,187,2006
223,223,217,187,2006
224,223,217,187,2006
225,223,217,187,2006
226,223,217,187,2006
227,223,217,187,2006
228,223,217,187,2006
229,229,229,229,2006
230,230,230,229,2006
231,231,230,229,2006
232,231,230,229,2006
233,231,230,229,2006
234,234,230,229,2006
235,234,230,229,2006
236,236,230,229,2006
237,236,230,229,2006
238,238,230,229,2006
239,238,230,229,2006
240,238,230,229,2006
241,238,230,229,2006
242,238,230,229,2006
243,238,230,229,2006
244,244,244,229,2006
245,245,244,229,2006
246,245,244,229,2006
247,247,247,229,2006
248,248,247,229,2006
249,248,247,229,2006
250,250,250,229,2006
251,251,250,229,2006
252,251,250,229,2006
253,251,250,229,2006
254,254,250,229,2006
255,254,250,229,2006
256,254,250,229,2006
257,257,257,257,2006
258,258,258,257,2006
259,259,258,257,2006
260,259,258,257,2006
261,261,258,257,2006
262,261,258,257,2006
263,261,258,257,2006
264,264,258,257,2006
265,264,258,257,2006
266,266,266,257,2006
267,267,266,257,2006
268,267,266,257,2006
269,267,266,257,2006
270,270,266,257,2006
271,270,266,257,2006
272,272,272,272,2006
273,273,273,272,2006
274,274,273,272,2006
275,274,273,272,2006
276,274,273,272,2006
277,274,273,272,2006
278,278,278,272,2006
279,279,278,272,2006
280,279,278,272,2006
281,279,278,272,2006
282,282,278,272,2006
283,282,278,272,2006
284,282,278,272,2006
285,285,278,272,2006
286,285,278,272,2006
287,285,278,272,2006
288,288,278,272,2006
289,288,278,272,2006
290,288,278,272,2006
291,288,278,272,2006
292,292,292,272,2006
293,293,292,272,2006
294,293,292,272,2006
295,295,295,295,2006
296,296,296,295,2006
297,297,296,295,2006
298,297,296,295,2006
299,299,296,295,2006
300,299,296,295,2006
301,299,296,295,2006
302,299,296,295,2006
303,299,296,295,2006
304,299,296,295,2006
305,299,296,295,2006
306,306,306,295,2006
307,307,306,295,2006
308,307,306,295,2006
309,307,306,295,2006
310,310,306,295,2006
311,310,306,295,2006
312,310,306,295,2006
313,310,306,295,2006
314,310,306,295,2006
315,315,315,295,2006
316,316,315,295,2006
317,316,315,295,2006
318,316,315,295,2006
319,316,315,295,2006
320,316,315,295,2006
321,321,321,321,2006
322,322,322,321,2006
323,323,322,321,2006
324,323,322,321,2006
325,323,322,321,2006
326,323,322,321,2006
327,323,322,321,2006
328,328,322,321,2006
329,328,322,321,2006
330,328,322,321,2006
331,328,322,321,2006
332,332,332,321,2006
333,333,332,321,2006
334,333,332,321,2006
335,335,335,335,2006
336,336,336,335,2006
337,337,336,335,2006
338,337,336,335,2006
339,337,336,335,2006
340,340,340,335,2006
341,341,340,335,2006
342,341,340,335,2006
343,343,340,335,2006
344,343,340,335,2006
345,343,340,335,2006
346,346,346,346,2006
347,347,347,346,2006
348,348,347,346,2006
349,348,347,346,2006
350,348,347,346,2006
351,348,347,346,2006
352,352,347,346,2006
353,352,347,346,2006
354,352,347,346,2006
355,355,347,346,2006
356,355,347,346,2006
357,355,347,346,2006
358,358,358,346,2006
359,359,358,346,2006
360,359,358,346,2006
361,359,358,346,2006
362,359,358,346,2006
363,363,363,346,2006
364,364,363,346,2006
365,364,363,346,2006
366,364,363,346,2006
367,364,363,346,2006
368,368,363,346,2006
369,368,363,346,2006
370,368,363,346,2006
371,371,371,346,2006
372,372,371,346,2006
373,372,371,346,2006
374,372,371,346,2006
375,372,371,346,2006
376,376,371,346,2006
377,376,371,346,2006
378,376,371,346,2006
379,376,371,346,2006
380,376,371,346,2006
381,381,371,346,2006
382,381,371,346,2006
383,381,371,346,2006
384,381,371,346,2006
385,381,371,346,2006
386,381,371,346,2006
387,381,371,346,2006
388,388,388,346,2006
389,389,388,346,2006
390,389,388,346,2006
391,389,388,346,2006
392,392,392,392,2006
393,393,393,392,2006
394,394,393,392,2006
395,394,393,392,2006
396,394,393,392,2006
397,397,397,392,2006
398,398,397,392,2006
399,398,397,392,2006
400,400,397,392,2006
401,400,397,392,2006
402,402,397,392,2006
403,402,397,392,2006
404,404,404,392,2006
405,405,404,392,2006
406,405,404,392,2006
407,407,407,407,2006
408,408,408,407,2006
409,409,408,407,2006
410,409,408,407,2006
411,409,408,407,2006
412,412,408,407,2006
413,412,408,407,2006
414,412,408,407,2006
415,412,408,407,2006
416,412,408,407,2006
417,417,417,407,2006
418,418,417,407,2006
419,418,417,407,2006
420,418,417,407,2006
421,418,417,407,2006
422,418,417,407,2006
423,423,417,407,2006
424,423,417,407,2006
425,423,417,407,2006
426,423,417,407,2006
427,423,417,407,2006
428,428,417,407,2006
429,428,417,407,2006
430,428,417,407,2006
431,431,417,407,2006
432,431,417,407,2006
433,431,417,407,2006
434,434,417,407,2006
435,434,417,407,2006
436,434,417,407,2006
437,437,417,407,2006
438,437,417,407,2006
439,437,417,407,2006
440,437,417,407,2006
441,441,441,441,2006
442,442,442,441,2006
443,443,442,441,2006
444,443,442,441,2006
445,443,442,441,2006
446,443,442,441,2006
447,447,442,441,2006
448,447,442,441,2006
449,447,442,441,2006
450,447,442,441,2006
451,451,442,441,2006
452,451,442,441,2006
453,451,442,441,2006
454,451,442,441,2006
455,455,455,441,2006
456,456,455,441,2006
457,456,455,441,2006
458,456,455,441,2006
459,459,455,441,2006
460,459,455,441,2006
461,459,455,441,2006
462,459,455,441,2006
463,463,455,441,2006
464,463,455,441,2006
465,463,455,441,2006
466,463,455,441,2006
467,467,467,441,2006
468,468,467,441,2006
469,468,467,441,2006
470,468,467,441,2006
471,471,467,441,2006
472,471,467,441,2006
473,471,467,441,2006
474,471,467,441,2006
475,471,467,441,2006
476,471,467,441,2006
477,471,467,441,2006
478,478,478,441,2006
479,479,478,441,2006
480,479,478,441,2006
481,479,478,441,2006
482,482,478,441,2006
483,482,478,441,2006
484,482,478,441,2006
485,482,478,441,2006
486,482,478,441,2006
487,482,478,441,2006
488,482,478,441,2006
489,489,489,489,2006
490,490,490,489,2006
491,491,490,489,2006
492,491,490,489,2006
493,491,490,489,2006
494,491,490,489,2006
495,491,490,489,2006
496,496,490,489,2006
497,496,490,489,2006
498,496,490,489,2006
499,496,490,489,2006
500,500,490,489,2006
501,500,490,489,2006
502,500,490,489,2006
503,500,490,489,2006
504,504,490,489,2006
505,504,490,489,2006
506,504,490,489,2006
507,507,507,489,2006
508,508,507,489,2006
509,508,507,489,2006
510,508,507,489,2006
511,508,507,489,2006
512,508,507,489,2006
513,513,507,489,2006
514,513,507,489,2006
515,513,507,489,2006
516,513,507,489,2006
517,517,507,489,2006
518,517,507,489,2006
519,519,519,489,2006
520,520,519,489,2006
521,520,519,489,2006
522,520,519,489,2006
523,523,519,489,2006
524,523,519,489,2006
525,523,519,489,2006
526,523,519,489,2006
527,527,527,527,2006
528,528,528,527,2006
529,529,528,527,2006
530,529,528,527,2006
531,529,528,527,2006
532,529,528,527,2006
533,529,528,527,2006
534,529,528,527,2006
535,535,528,527,2006
536,535,528,527,2006
537,535,528,527,2006
538,535,528,527,2006
539,539,528,527,2006
540,539,528,527,2006
541,541,541,527,2006
542,542,541,527,2006
543,542,541,527,2006
544,544,544,527,2006
545,545,544,527,2006
546,545,544,527,2006
547,545,544,527,2006
548,545,544,527,2006
549,545,544,527,2006
550,550,544,527,2006
551,550,544,527,2006
552,550,544,527,2006
553,550,544,527,2006
554,550,544,527,2006
555,550,544,527,2006
556,556,544,527,2006
557,556,544,527,2006
558,556,544,527,2006
559,556,544,527,2006
560,556,544,527,2006
561,561,544,527,2006
562,561,544,527,2006
563,561,544,527,2006
564,561,544,527,2006
565,561,544,527,2006
566,566,544,527,2006
567,566,544,527,2006
568,566,544,527,2006
569,566,544,527,2006
570,566,544,527,2006
571,566,544,527,2006
572,566,544,527,2006
573,573,573,573,2006
574,574,574,573,2006
575,575,574,573,2006
576,575,574,573,2006
577,575,574,573,2006
578,578,574,573,2006
579,578,574,573,2006
580,578,574,573,2006
581,581,581,573,2006
582,582,581,573,2006
583,582,581,573,2006
584,582,581,573,2006
585,582,581,573,2006
586,586,581,573,2006
587,586,581,573,2006
588,586,581,573,2006
589,586,581,573,2006
590,586,581,573,2006
591,591,581,573,2006
592,591,581,573,2006
593,591,581,573,2006
594,591,581,573,2006
595,591,581,573,2006
596,591,581,573,2006
597,591,581,573,2006
598,598,598,573,2006
599,599,598,573,2006
600,599,598,573,2006
601,601,598,573,2006
602,601,598,573,2006
603,601,598,573,2006
604,601,598,573,2006
605,601,598,573,2006
606,606,606,573,2006
607,607,606,573,2006
608,607,606,573,2006
609,609,606,573,2006
610,609,606,573,2006
611,609,606,573,2006
612,609,606,573,2006
613,613,613,573,2006
614,614,613,573,2006
615,614,613,573,2006
616,614,613,573,2006
617,617,613,573,2006
618,617,613,573,2006
619,617,613,573,2006
620,620,620,573,2006
621,621,620,573,2006
622,621,620,573,2006
623,623,623,623,2006
624,624,624,623,2006
625,625,624,623,2006
626,625,624,623,2006
627,625,624,623,2006
628,628,624,623,2006
629,628,624,623,2006
630,628,624,623,2006
631,628,624,623,2006
632,628,624,623,2006
633,628,624,623,2006
634,634,634,623,2006
635,635,634,623,2006
636,635,634,623,2006
637,635,634,623,2006
638,635,634,623,2006
639,635,634,623,2006
640,635,634,623,2006
641,635,634,623,2006
642,635,634,623,2006
643,643,643,623,2006
644,644,643,623,2006
645,644,643,623,2006
646,644,643,623,2006
647,644,643,623,2006
648,648,648,623,2006
649,649,648,623,2006
650,649,648,623,2006
651,651,651,651,2006
652,652,652,651,2006
653,653,652,651,2006
654,653,652,651,2006
655,653,652,651,2006
656,653,652,651,2006
657,653,652,651,2006
658,653,652,651,2006
659,659,652,651,2006
660,659,652,651,2006
661,659,652,651,2006
662,659,652,651,2006
663,663,663,651,2006
664,664,663,651,2006
665,664,663,651,2006
666,664,663,651,2006
667,667,667,651,2006
668,668,667,651,2006
669,668,667,651,2006
670,668,667,651,2006
671,668,667,651,2006
672,672,672,651,2006
673,673,672,651,2006
674,673,672,651,2006
675,675,672,651,2006
676,675,672,651,2006
677,675,672,651,2006
678,675,672,651,2006
679,675,672,651,2006
680,680,680,651,2006
681,681,680,651,2006
682,681,680,651,2006
683,681,680,651,2006
684,681,680,651,2006
685,685,680,651,2006
686,685,680,651,2006
687,687,687,651,2006
688,688,687,651,2006
689,688,687,651,2006
690,688,687,651,2006
691,688,687,651,2006
692,688,687,651,2006
693,693,693,693,2006
694,694,694,693,2006
695,695,694,693,2006
696,695,694,693,2006
697,695,694,693,2006
698,698,694,693,2006
699,698,694,693,2006
700,700,694,693,2006
701,700,694,693,2006
702,700,694,693,2006
703,700,694,693,2006
704,704,694,693,2006
705,704,694,693,2006
706,704,694,693,2006
707,707,694,693,2006
708,707,694,693,2006
709,709,694,693,2006
710,709,694,693,2006
711,709,694,693,2006
712,709,694,693,2006
713,709,694,693,2006
714,714,694,693,2006
715,714,694,693,2006
716,714,694,693,2006
717,714,694,693,2006
718,714,694,693,2006
719,714,694,693,2006
720,714,694,693,2006
721,721,694,693,2006
722,721,694,693,2006
723,723,694,693,2006
724,723,694,693,2006
725,723,694,693,2006
726,723,694,693,2006
727,723,694,693,2006
728,723,694,693,2006
729,729,729,693,2006
730,730,729,693,2006
731,730,729,693,2006
732,732,729,693,2006
733,732,729,693,2006
734,732,729,693,2006
735,732,729,693,2006
736,732,729,693,2006
737,732,729,693,2006
738,738,729,693,2006
739,738,729,693,2006
740,740,729,693,2006
741,740,729,693,2006
742,740,729,693,2006
743,743,729,693,2006
744,743,729,693,2006
745,745,729,693,2006
746,745,729,693,2006
747,745,729,693,2006
748,748,729,693,2006
749,748,729,693,2006
750,748,729,693,2006
751,751,729,693,2006
752,751,729,693,2006
753,753,729,693,2006
754,753,729,693,2006
755,753,729,693,2006
756,753,729,693,2006
757,753,729,693,2006
758,753,729,693,2006
759,759,759,759,2006
760,760,760,759,2006
761,761,760,759,2006
762,761,760,759,2006
763,763,760,759,2006
764,763,760,759,2006
765,763,760,759,2006
766,766,766,759,2006
767,767,766,759,2006
768,767,766,759,2006
769,767,766,759,2006
770,767,766,759,2006
771,771,771,759,2006
772,772,771,759,2006
773,772,771,759,2006
774,774,771,759,2006
775,774,771,759,2006
776,776,771,759,2006
777,776,771,759,2006
778,776,771,759,2006
779,779,771,759,2006
780,779,771,759,2006
781,779,771,759,2006
782,779,771,759,2006
783,779,771,759,2006
784,784,784,759,2006
785,785,784,759,2006
786,785,784,759,2006
787,787,787,787,2006
788,788,788,787,2006
789,789,788,787,2006
790,789,788,787,2006
791,789,788,787,2006
792,789,788,787,2006
793,789,788,787,2006
794,794,788,787,2006
795,794,788,787,2006
796,796,796,787,2006
797,797,796,787,2006
798,797,796,787,2006
799,797,796,787,2006
800,800,800,787,2006
801,801,800,787,2006
802,801,800,787,2006
803,801,800,787,2006
804,804,800,787,2006
805,804,800,787,2006
806,804,800,787,2006
807,807,807,787,2006
808,808,807,787,2006
809,808,807,787,2006
810,810,807,787,2006
811,810,807,787,2006
812,812,807,787,2006
813,812,807,787,2006
814,812,807,787,2006
815,815,815,815,2006
816,816,816,815,2006
817,817,816,815,2006
818,817,816,815,2006
819,817,816,815,2006
820,820,816,815,2006
821,820,816,815,2006
822,820,816,815,2006
823,823,816,815,2006
824,823,816,815,2006
825,823,816,815,2006
826,826,826,826,2006
827,827,827,826,2006
828,828,827,826,2006
829,828,827,826,2006
830,830,827,826,2006
831,830,827,826,2006
832,832,832,826,2006
833,833,832,826,2006
834,833,832,826,2006
835,833,832,826,2006
836,833,832,826,2006
837,837,837,826,2006
838,838,837,826,2006
839,838,837,826,2006
840,838,837,826,2006
841,838,837,826,2006
842,838,837,826,2006
843,843,843,826,2006
844,844,843,826,2006
845,844,843,826,2006
846,844,843,826,2006
847,844,843,826,2006
848,848,848,826,2006
849,849,848,826,2006
850,849,848,826,2006
851,851,848,826,2006
852,851,848,826,2006
853,853,848,826,2006
854,853,848,826,2006
855,853,848,826,2006
856,853,848,826,2006
857,857,848,826,2006
858,857,848,826,2006
859,857,848,826,2006
860,857,848,826,2006
861,857,848,826,2006
862,862,862,862,2006
863,863,863,862,2006
864,864,863,862,2006
865,864,863,862,2006
866,864,863,862,2006
867,867,863,862,2006
868,867,863,862,2006
869,869,869,869,2007
870,870,870,869,2007
871,871,870,869,2007
872,871,870,869,2007
873,871,870,869,2007
874,871,870,869,2007
875,871,870,869,2007
876,871,870,869,2007
877,877,870,869,2007
878,877,870,869,2007
879,879,870,869,2007
880,879,870,869,2007
881,881,881,869,2007
882,882,881,869,2007
883,882,881,869,2007
884,884,884,869,2007
885,885,884,869,2007
886,885,884,869,2007
887,887,887,887,2008
888,888,888,887,2008
889,889,888,887,2008
890,889,888,887,2008
891,891,888,887,2008
892,891,888,887,2008
893,893,893,893,2008
894,894,894,893,2008
895,895,894,893,2008
896,895,894,893,2008
897,895,894,893,2008
898,898,894,893,2008
899,898,894,893,2008
900,898,894,893,2008
901,901,901,901,2008
902,902,902,901,2008
903,903,902,901,2008
904,903,902,901,2008
905,905,902,901,2008
906,905,902,901,2008
907,907,902,901,2008
908,907,902,901,2008
909,909,909,901,2008
910,910,909,901,2008
911,910,909,901,2008
912,912,909,901,2008
913,912,909,901,2008
914,914,909,901,2008
915,914,909,901,2008
916,916,909,901,2008
917,916,909,901,2008
918,918,918,901,2008
919,919,918,901,2008
920,919,918,901,2008
921,919,918,901,2008
922,922,918,901,2008
923,922,918,901,2008
924,922,918,901,2008
925,925,925,925,2008
926,926,926,925,2008
927,927,926,925,2008
928,927,926,925,2008
929,927,926,925,2008
930,930,930,930,2009
931,931,931,930,2009
932,932,931,930,2009
933,932,931,930,2009
934,932,931,930,2009
935,932,931,930,2009
936,936,931,930,2009
937,936,931,930,2009
938,936,931,930,2009
939,936,931,930,2009
940,940,940,930,2009
941,941,940,930,2009
942,941,940,930,2009
943,943,940,930,2009
944,943,940,930,2009
945,943,940,930,2009
946,943,940,930,2009
947,943,940,930,2009
948,943,940,930,2009
949,943,940,930,2009
950,943,940,930,2009
951,951,951,930,2009
952,952,951,930,2009
953,952,951,930,2009
954,954,954,954,2009
955,955,955,954,2009
956,956,955,954,2009
957,956,955,954,2009
958,958,955,954,2009
959,958,955,954,2009
960,958,955,954,2009
961,958,955,954,2009
962,958,955,954,2009
963,963,955,954,2009
964,963,955,954,2009
965,963,955,954,2009
966,963,955,954,2009
967,963,955,954,2009
968,963,955,954,2009
969,963,955,954,2009
970,963,955,954,2009
971,963,955,954,2009
972,963,955,954,2009
973,973,973,954,2009
974,974,973,954,2009
975,974,973,954,2009
976,974,973,954,2009
977,974,973,954,2009
978,974,973,954,2009
979,974,973,954,2009
980,980,980,954,2009
981,981,980,954,2009
982,981,980,954,2009
983,981,980,954,2009
984,984,980,954,2009
985,984,980,954,2009
986,984,980,954,2009
987,987,987,954,2009
988,988,987,954,2009
989,988,987,954,2009
990,988,987,954,2009
991,991,987,954,2009
992,991,987,954,2009
993,993,987,954,2009
994,993,987,954,2009
995,993,987,954,2009
996,993,987,954,2009
997,997,997,954,2009
998,998,997,954,2009
999,998,997,954,2009
1000,1000,1000,954,2009
1001,1001,1000,954,2009
1002,1001,1000,954,2009
1003,1003,1003,1003,2010
1004,1004,1004,1003,2010
1005,1005,1004,1003,2010
1006,1005,1004,1003,2010
1007,1007,1004,1003,2010
1008,1007,1004,1003,2010
1009,1009,1009,1003,2010
1010,1010,1009,1003,2010
1011,1010,1009,1003,2010
1012,1010,1009,1003,2010
1013,1010,1009,1003,2010
1014,1010,1009,1003,2010
1015,1015,1009,1003,2010
1016,1015,1009,1003,2010
1017,1017,1017,1003,2010
1018,1018,1017,1003,2010
1019,1018,1017,1003,2010
1020,1018,1017,1003,2010
1021,1021,1021,1021,2010
1022,1022,1022,1021,2010
1023,1023,1022,1021,2010
1024,1023,1022,1021,2010
1025,1023,1022,1021,2010
1026,1023,1022,1021,2010
1027,1023,1022,1021,2010
1028,1023,1022,1021,2010
1029,1023,1022,1021,2010
1030,1023,1022,1021,2010
1031,1023,1022,1021,2010
1032,1032,1032,1021,2010
1033,1033,1032,1021,2010
1034,1033,1032,1021,2010
1035,1033,1032,1021,2010
1036,1033,1032,1021,2010
1037,1033,1032,1021,2010
1038,1033,1032,1021,2010
1039,1033,1032,1021,2010
1040,1040,1040,1021,2010
1041,1041,1040,1021,2010
1042,1041,1040,1021,2010
1043,1041,1040,1021,2010
1044,1041,1040,1021,2010
1045,1041,1040,1021,2010
1046,1041,1040,1021,2010
1047,1041,1040,1021,2010
1048,1048,1040,1021,2010
1049,1048,1040,1021,2010
1050,1048,1040,1021,2010
1051,1048,1040,1021,2010
1052,1048,1040,1021,2010
1053,1048,1040,1021,2010
1054,1048,1040,1021,2010
1055,1048,1040,1021,2010
1056,1056,1040,1021,2010
1057,1056,1040,1021,2010
1058,1056,1040,1021,2010
1059,1056,1040,1021,2010
1060,1060,1060,1021,2010
1061,1061,1060,1021,2010
1062,1061,1060,1021,2010
1063,1061,1060,1021,2010
1064,1061,1060,1021,2010
1065,1061,1060,1021,2010
1066,1061,1060,1021,2010
1067,1061,1060,1021,2010
1068,1061,1060,1021,2010
1069,1061,1060,1021,2010
1070,1070,1060,1021,2010
1071,1070,1060,1021,2010
1072,1072,1060,1021,2010
1073,1072,1060,1021,2010
1074,1072,1060,1021,2010
1075,1072,1060,1021,2010
1076,1072,1060,1021,2010
1077,1077,1060,1021,2010
1078,1077,1060,1021,2010
1079,1077,1060,1021,2010
1080,1077,1060,1021,2010
1081,1077,1060,1021,2010
1082,1082,1060,1021,2010
1083,1082,1060,1021,2010
1084,1082,1060,1021,2010
1085,1082,1060,1021,2010
1086,1086,1060,1021,2010
1087,1086,1060,1021,2010
1088,1086,1060,1021,2010
1089,1086,1060,1021,2010
1090,1086,1060,1021,2010
1091,1086,1060,1021,2010
1092,1092,1060,1021,2010
1093,1092,1060,1021,2010
1094,1092,1060,1021,2010
1095,1092,1060,1021,2010
1096,1092,1060,1021,2010
1097,1097,1097,1021,2010
1098,1098,1097,1021,2010
1099,1098,1097,1021,2010
1100,1100,1097,1021,2010
1101,1100,1097,1021,2010
1102,1100,1097,1021,2010
1103,1103,1097,1021,2010
1104,1103,1097,1021,2010
1105,1103,1097,1021,2010
1106,1103,1097,1021,2010
1107,1103,1097,1021,2010
1108,1108,1097,1021,2010
1109,1108,1097,1021,2010
1110,1108,1097,1021,2010
1111,1108,1097,1021,2010
1112,1108,1097,1021,2010
1113,1108,1097,1021,2010
1114,1108,1097,1021,2010
1115,1108,1097,1021,2010
1116,1116,1116,1021,2010
1117,1117,1116,1021,2010
1118,1117,1116,1021,2010
1119,1117,1116,1021,2010
1120,1117,1116,1021,2010
1121,1121,1116,1021,2010
1122,1121,1116,1021,2010
1123,1121,1116,1021,2010
1124,1124,1116,1021,2010
1125,1124,1116,1021,2010
1126,1124,1116,1021,2010
1127,1124,1116,1021,2010
1128,1128,1128,1021,2010
1129,1129,1128,1021,2010
1130,1129,1128,1021,2010
1131,1129,1128,1021,2010
1132,1129,1128,1021,2010
1133,1133,1128,1021,2010
1134,1133,1128,1021,2010
1135,1133,1128,1021,2010
1136,1136,1128,1021,2010
1137,1136,1128,1021,2010
1138,1136,1128,1021,2010
1139,1136,1128,1021,2010
1140,1136,1128,1021,2010
1141,1141,1128,1021,2010
1142,1141,1128,1021,2010
1143,1141,1128,1021,2010
1144,1144,1128,1021,2010
1145,1144,1128,1021,2010
1146,1146,1128,1021,2010
1147,1146,1128,1021,2010
1148,1146,1128,1021,2010
1149,1149,1149,1021,2010
1150,1150,1149,1021,2010
1151,1150,1149,1021,2010
1152,1152,1152,1152,2010
1153,1153,1153,1152,2010
1154,1154,1153,1152,2010
1155,1154,1153,1152,2010
1156,1154,1153,1152,2010
1157,1154,1153,1152,2010
1158,1158,1153,1152,2010
1159,1158,1153,1152,2010
1160,1158,1153,1152,2010
1161,1158,1153,1152,2010
1162,1162,1153,1152,2010
1163,1162,1153,1152,2010
1164,1164,1153,1152,2010
1165,1164,1153,1152,2010
1166,1166,1166,1152,2010
1167,1167,1166,1152,2010
1168,1167,1166,1152,2010
1169,1167,1166,1152,2010
1170,1167,1166,1152,2010
1171,1167,1166,1152,2010
1172,1167,1166,1152,2010
1173,1167,1166,1152,2010
1174,1167,1166,1152,2010
1175,1167,1166,1152,2010
1176,1167,1166,1152,2010
1177,1177,1166,1152,2010
1178,1177,1166,1152,2010
1179,1177,1166,1152,2010
1180,1180,1180,1152,2010
1181,1181,1180,1152,2010
1182,1181,1180,1152,2010
1183,1181,1180,1152,2010
1184,1184,1180,1152,2010
1185,1184,1180,1152,2010
1186,1186,1186,1152,2010
1187,1187,1186,1152,2010
1188,1187,1186,1152,2010
1189,1187,1186,1152,2010
1190,1187,1186,1152,2010
1191,1187,1186,1152,2010
1192,1187,1186,1152,2010
1193,1187,1186,1152,2010
1194,1187,1186,1152,2010
1195,1187,1186,1152,2010
1196,1196,1186,1152,2010
1197,1196,1186,1152,2010
1198,1196,1186,1152,2010
1199,1196,1186,1152,2010
1200,1200,1186,1152,2010
1201,1200,1186,1152,2010
1202,1202,1186,1152,2010
1203,1202,1186,1152,2010
1204,1204,1204,1152,2010
1205,1205,1204,1152,2010
1206,1205,1204,1152,2010
1207,1205,1204,1152,2010
1208,1205,1204,1152,2010
1209,1205,1204,1152,2010
1210,1210,1204,1152,2010
1211,1210,1204,1152,2010
1212,1212,1204,1152,2010
1213,1212,1204,1152,2010
1214,1212,1204,1152,2010
1215,1212,1204,1152,2010
1216,1212,1204,1152,2010
1217,1217,1217,1152,2010
1218,1218,1217,1152,2010
1219,1218,1217,1152,2010
1220,1218,1217,1152,2010
1221,1221,1217,1152,2010
1222,1221,1217,1152,2010
1223,1223,1217,1152,2010
1224,1223,1217,1152,2010
1225,1223,1217,1152,2010
1226,1226,1217,1152,2010
1227,1226,1217,1152,2010
1228,1228,1228,1152,2010
1229,1229,1228,1152,2010
1230,1229,1228,1152,2010
1231,1229,1228,1152,2010
1232,1232,1228,1152,2010
1233,1232,1228,1152,2010
1234,1232,1228,1152,2010
1235,1232,1228,1152,2010
1236,1236,1236,1152,2010
1237,1237,1236,1152,2010
1238,1237,1236,1152,2010
1239,1237,1236,1152,2010
1240,1237,1236,1152,2010
1241,1241,1236,1152,2010
1242,1241,1236,1152,2010
1243,1241,1236,1152,2010
1244,1241,1236,1152,2010
1245,1241,1236,1152,2010
1246,1246,1236,1152,2010
1247,1246,1236,1152,2010
1248,1248,1236,1152,2010
1249,1248,1236,1152,2010
1250,1248,1236,1152,2010
1251,1251,1236,1152,2010
1252,1251,1236,1152,2010
1253,1251,1236,1152,2010
1254,1251,1236,1152,2010
1255,1255,1236,1152,2010
1256,1255,1236,1152,2010
1257,1255,1236,1152,2010
1258,1255,1236,1152,2010
1259,1259,1259,1152,2010
1260,1260,1259,1152,2010
1261,1260,1259,1152,2010
1262,1260,1259,1152,2010
1263,1260,1259,1152,2010
1264,1264,1259,1152,2010
1265,1264,1259,1152,2010
1266,1266,1259,1152,2010
1267,1266,1259,1152,2010
1268,1266,1259,1152,2010
1269,1266,1259,1152,2010
1270,1266,1259,1152,2010
1271,1271,1271,1271,2011
1272,1272,1272,1271,2011
1273,1273,1272,1271,2011
1274,1273,1272,1271,2011
1275,1273,1272,1271,2011
1276,1276,1276,1271,2011
1277,1277,1276,1271,2011
1278,1277,1276,1271,2011
1279,1277,1276,1271,2011
1280,1277,1276,1271,2011
1281,1281,1276,1271,2011
1282,1281,1276,1271,2011
1283,1283,1276,1271,2011
1284,1283,1276,1271,2011
1285,1283,1276,1271,2011
1286,1283,1276,1271,2011
1287,1283,1276,1271,2011
1288,1288,1288,1271,2011
1289,1289,1288,1271,2011
1290,1289,1288,1271,2011
1291,1289,1288,1271,2011
1292,1289,1288,1271,2011
1293,1289,1288,1271,2011
1294,1294,1294,1271,2011
1295,1295,1294,1271,2011
1296,1295,1294,1271,2011
1297,1295,1294,1271,2011
1298,1298,1298,1271,2011
1299,1299,1298,1271,2011
1300,1299,1298,1271,2011
1301,1301,1301,1301,2011
1302,1302,1302,1301,2011
1303,1303,1302,1301,2011
1304,1303,1302,1301,2011
1305,1303,1302,1301,2011
1306,1306,1302,1301,2011
1307,1306,1302,1301,2011
1308,1306,1302,1301,2011
1309,1309,1302,1301,2011
1310,1309,1302,1301,2011
1311,1311,1311,1301,2011
1312,1312,1311,1301,2011
1313,1312,1311,1301,2011
1314,1312,1311,1301,2011
1315,1312,1311,1301,2011
1316,1316,1316,1316,2011
1317,1317,1317,1316,2011
1318,1318,1317,1316,2011
1319,1318,1317,1316,2011
1320,1320,1320,1316,2011
1321,1321,1320,1316,2011
1322,1321,1320,1316,2011
1323,1323,1323,1323,2011
1324,1324,1324,1323,2011
1325,1325,1324,1323,2011
1326,1325,1324,1323,2011
1327,1325,1324,1323,2011
1328,1325,1324,1323,2011
1329,1325,1324,1323,2011
1330,1325,1324,1323,2011
1331,1331,1331,1323,2011
1332,1332,1331,1323,2011
1333,1332,1331,1323,2011
1334,1332,1331,1323,2011
1335,1332,1331,1323,2011
1336,1332,1331,1323,2011
1337,1332,1331,1323,2011
1338,1332,1331,1323,2011
1339,1339,1331,1323,2011
1340,1339,1331,1323,2011
1341,1339,1331,1323,2011
1342,1342,1331,1323,2011
1343,1342,1331,1323,2011
1344,1342,1331,1323,2011
1345,1345,1331,1323,2011
1346,1345,1331,1323,2011
1347,1345,1331,1323,2011
1348,1348,1331,1323,2011
1349,1348,1331,1323,2011
1350,1348,1331,1323,2011
1351,1348,1331,1323,2011
1352,1348,1331,1323,2011
1353,1353,1353,1353,2012
1354,1354,1354,1353,2012
1355,1355,1354,1353,2012
1356,1355,1354,1353,2012
1357,1355,1354,1353,2012
1358,1355,1354,1353,2012
1359,1355,1354,1353,2012
1360,1355,1354,1353,2012
1361,1361,1361,1353,2012
1362,1362,1361,1353,2012
1363,1362,1361,1353,2012
1364,1362,1361,1353,2012
1365,1365,1365,1365,2012
1366,1366,1366,1365,2012
1367,1367,1366,1365,2012
1368,1367,1366,1365,2012
1369,1367,1366,1365,2012
1370,1367,1366,1365,2012
1371,1367,1366,1365,2012
1372,1372,1366,1365,2012
1373,1372,1366,1365,2012
1374,1372,1366,1365,2012
1375,1372,1366,1365,2012
1376,1372,1366,1365,2012
1377,1377,1366,1365,2012
1378,1377,1366,1365,2012
1379,1379,1366,1365,2012
1380,1379,1366,1365,2012
1381,1379,1366,1365,2012
1382,1382,1366,1365,2012
1383,1382,1366,1365,2012
1384,1382,1366,1365,2012
1385,1382,1366,1365,2012
1386,1382,1366,1365,2012
1387,1382,1366,1365,2012
1388,1388,1388,1365,2012
1389,1389,1388,1365,2012
1390,1389,1388,1365,2012
1391,1389,1388,1365,2012
1392,1389,1388,1365,2012
1393,1389,1388,1365,2012
1394,1394,1388,1365,2012
1395,1394,1388,1365,2012
1396,1394,1388,1365,2012
1397,1397,1397,1397,2013
1398,1398,1398,1397,2013
1399,1399,1398,1397,2013
1400,1399,1398,1397,2013
1401,1399,1398,1397,2013
1402,1399,1398,1397,2013
1403,1403,1398,1397,2013
1404,1403,1398,1397,2013
1405,1403,1398,1397,2013
1406,1403,1398,1397,2013
1407,1407,1398,1397,2013
1408,1407,1398,1397,2013
1409,1409,1409,1397,2013
1410,1410,1409,1397,2013
1411,1410,1409,1397,2013
1412,1410,1409,1397,2013
1413,1410,1409,1397,2013
1414,1414,1409,1397,2013
1415,1414,1409,1397,2013
1416,1414,1409,1397,2013
1417,1417,1417,1417,2013
1418,1418,1418,1417,2013
1419,1419,1418,1417,2013
1420,1419,1418,1417,2013
1421,1419,1418,1417,2013
1422,1419,1418,1417,2013
1423,1419,1418,1417,2013
1424,1424,1418,1417,2013
1425,1424,1418,1417,2013
1426,1426,1418,1417,2013
1427,1426,1418,1417,2013
1428,1428,1418,1417,2013
1429,1428,1418,1417,2013
1430,1428,1418,1417,2013
1431,1431,1431,1417,2013
1432,1432,1431,1417,2013
1433,1432,1431,1417,2013
1434,1432,1431,1417,2013
1435,1435,1435,1435,2013
1436,1436,1436,1435,2013
1437,1437,1436,1435,2013
1438,1437,1436,1435,2013
1439,1439,1439,1435,2013
1440,1440,1439,1435,2013
1441,1440,1439,1435,2013
1442,1442,1439,1435,2013
1443,1442,1439,1435,2013
1444,1442,1439,1435,2013
1445,1442,1439,1435,2013
1446,1446,1446,1446,2013
1447,1447,1447,1446,2013
1448,1448,1447,1446,2013
1449,1448,1447,1446,2013
1450,1450,1450,1446,2013
1451,1451,1450,1446,2013
1452,1451,1450,1446,2013
1453,1453,1450,1446,2013
1454,1453,1450,1446,2013
1455,1455,1450,1446,2013
1456,1455,1450,1446,2013
1457,1455,1450,1446,2013
1458,1458,1458,1458,2013
1459,1459,1459,1458,2013
1460,1460,1459,1458,2013
1461,1460,1459,1458,2013
1462,1462,1459,1458,2013
1463,1462,1459,1458,2013
1464,1462,1459,1458,2013
1465,1465,1459,1458,2013
1466,1465,1459,1458,2013
1467,1467,1467,1467,2013
1468,1468,1468,1467,2013
1469,1469,1468,1467,2013
1470,1469,1468,1467,2013
1471,1469,1468,1467,2013
1472,1472,1468,1467,2013
1473,1472,1468,1467,2013
1474,1474,1474,1467,2013
1475,1475,1474,1467,2013
1476,1475,1474,1467,2013
1477,1477,1474,1467,2013
1478,1477,1474,1467,2013
1479,1477,1474,1467,2013
1480,1480,1480,1480,2014
1481,1481,1481,1480,2014
1482,1482,1481,1480,2014
1483,1482,1481,1480,2014
1484,1484,1481,1480,2014
1485,1484,1481,1480,2014
1486,1484,1481,1480,2014
1487,1487,1481,1480,2014
1488,1487,1481,1480,2014
1489,1487,1481,1480,2014
1490,1490,1490,1480,2014
1491,1491,1490,1480,2014
1492,1491,1490,1480,2014
1493,1491,1490,1480,2014
1494,1494,1494,1480,2014
1495,1495,1494,1480,2014
1496,1495,1494,1480,2014
1497,1495,1494,1480,2014
1498,1495,1494,1480,2014
1499,1495,1494,1480,2014
1500,1500,1494,1480,2014
1501,1500,1494,1480,2014
1502,1500,1494,1480,2014
1503,1500,1494,1480,2014
1504,1504,1504,1504,2014
1505,1505,1505,1504,2014
1506,1506,1505,1504,2014
1507,1506,1505,1504,2014
1508,1508,1505,1504,2014
1509,1508,1505,1504,2014
1510,1508,1505,1504,2014
1511,1511,1505,1504,2014
1512,1511,1505,1504,2014
1513,1511,1505,1504,2014
1514,1514,1514,1504,2014
1515,1515,1514,1504,2014
1516,1515,1514,1504,2014
1517,1517,1517,1504,2014
1518,1518,1517,1504,2014
1519,1518,1517,1504,2014
1520,1518,1517,1504,2014
1521,1518,1517,1504,2014
1522,1522,1522,1522,2014
1523,1523,1523,1522,2014
1524,1524,1523,1522,2014
1525,1524,1523,1522,2014
1526,1526,1523,1522,2014
1527,1526,1523,1522,2014
1528,1526,1523,1522,2014
1529,1529,1523,1522,2014
1530,1529,1523,1522,2014
1531,1529,1523,1522,2014
1532,1529,1523,1522,2014
1533,1533,1533,1522,2014
1534,1534,1533,1522,2014
1535,1534,1533,1522,2014
1536,1534,1533,1522,2014
1537,1534,1533,1522,2014
1538,1538,1538,1538,2015
1539,1539,1539,1538,2015
1540,1540,1539,1538,2015
1541,1540,1539,1538,2015
1542,1540,1539,1538,2015
1543,1540,1539,1538,2015
1544,1544,1539,1538,2015
1545,1544,1539,1538,2015
1546,1544,1539,1538,2015
1547,1544,1539,1538,2015
1548,1548,1548,1538,2015
1549,1549,1548,1538,2015
1550,1549,1548,1538,2015
1551,1549,1548,1538,2015
1552,1552,1548,1538,2015
1553,1552,1548,1538,2015
1554,1552,1548,1538,2015
1555,1552,1548,1538,2015
1556,1556,1556,1556,2016
1557,1557,1557,1556,2016
1558,1558,1557,1556,2016
1559,1558,1557,1556,2016
1560,1558,1557,1556,2016
1561,1558,1557,1556,2016
1562,1558,1557,1556,2016
1563,1563,1557,1556,2016
1564,1563,1557,1556,2016
1565,1563,1557,1556,2016
1566,1566,1557,1556,2016
1567,1566,1557,1556,2016
1568,1568,1568,1556,2016
1569,1569,1568,1556,2016
1570,1569,1568,1556,2016
1571,1569,1568,1556,2016
1572,1572,1572,1572,2016
1573,1573,1573,1572,2016
1574,1574,1573,1572,2016
1575,1574,1573,1572,2016
1576,1574,1573,1572,2016
1577,1574,1573,1572,2016
1578,1574,1573,1572,2016
1579,1579,1579,1572,2016
1580,1580,1579,1572,2016
1581,1580,1579,1572,2016
1582,1580,1579,1572,2016
1583,1580,1579,1572,2016
1584,1584,1584,1572,2016
1585,1585,1584,1572,2016
1586,1585,1584,1572,2016
1587,1587,1584,1572,2016
1588,1587,1584,1572,2016
1589,1587,1584,1572,2016
1590,1587,1584,1572,2016
1591,1587,1584,1572,2016
1592,1592,1592,1572,2016
1593,1593,1592,1572,2016
1594,1593,1592,1572,2016
1595,1595,1595,1572,2016
1596,1596,1595,1572,2016
1597,1596,1595,1572,2016
1598,1596,1595,1572,2016
1599,1599,1595,1572,2016
1600,1599,1595,1572,2016
1601,1599,1595,1572,2016
1602,1602,1602,1572,2016
1603,1603,1602,1572,2016
1604,1603,1602,1572,2016
1605,1605,1605,1605,2016
1606,1606,1606,1605,2016
1607,1607,1606,1605,2016
1608,1607,1606,1605,2016
1609,1607,1606,1605,2016
1610,1610,1606,1605,2016
1611,1610,1606,1605,2016
1612,1610,1606,1605,2016
1613,1610,1606,1605,2016
1614,1614,1614,1605,2016
1615,1615,1614,1605,2016
1616,1615,1614,1605,2016
1617,1615,1614,1605,2016
1618,1618,1614,1605,2016
1619,1618,1614,1605,2016
1620,1618,1614,1605,2016
1621,1618,1614,1605,2016
1622,1618,1614,1605,2016
1623,1623,1623,1623,2016
1624,1624,1624,1623,2016
1625,1625,1624,1623,2016
1626,1625,1624,1623,2016
1627,1627,1627,1623,2016
1628,1628,1627,1623,2016
1629,1628,1627,1623,2016
1630,1628,1627,1623,2016
1631,1628,1627,1623,2016
1632,1628,1627,1623,2016
1633,1633,1633,1623,2016
1634,1634,1633,1623,2016
1635,1634,1633,1623,2016
1636,1634,1633,1623,2016
1637,1634,1633,1623,2016
1638,1638,1638,1623,2016
1639,1639,1638,1623,2016
1640,1639,1638,1623,2016
1641,1639,1638,1623,2016
1642,1639,1638,1623,2016
1643,1639,1638,1623,2016
1644,1639,1638,1623,2016
1645,1645,1645,1645,2017
1646,1646,1646,1645,2017
1647,1647,1646,1645,2017
1648,1647,1646,1645,2017
1649,1649,1649,1645,2017
1650,1650,1649,1645,2017
1651,1650,1649,1645,2017
1652,1650,1649,1645,2017
1653,1653,1649,1645,2017
1654,1653,1649,1645,2017
1655,1655,1655,1645,2017
1656,1656,1655,1645,2017
1657,1656,1655,1645,2017
1658,1658,1658,1658,2017
1659,1659,1659,1658,2017
1660,1660,1659,1658,2017
1661,1660,1659,1658,2017
1662,1662,1659,1658,2017
1663,1662,1659,1658,2017
1664,1662,1659,1658,2017
1665,1665,1665,1658,2017
1666,1666,1665,1658,2017
1667,1666,1665,1658,2017
1668,1668,1665,1658,2017
1669,1668,1665,1658,2017
1670,1670,1670,1658,2017
1671,1671,1670,1658,2017
1672,1671,1670,1658,2017
1673,1673,1670,1658,2017
1674,1673,1670,1658,2017
1675,1675,1670,1658,2017
1676,1675,1670,1658,2017
1677,1677,1677,1658,2017
1678,1678,1677,1658,2017
1679,1678,1677,1658,2017
1680,1678,1677,1658,2017
1681,1678,1677,1658,2017
1682,1682,1677,1658,2017
1683,1682,1677,1658,2017
1684,1682,1677,1658,2017
1685,1682,1677,1658,2017
1686,1682,1677,1658,2017
1687,1682,1677,1658,2017
1688,1688,1688,1688,2017
1689,1689,1689,1688,2017
1690,1690,1689,1688,2017
1691,1690,1689,1688,2017
1692,1692,1689,1688,2017
1693,1692,1689,1688,2017
1694,1694,1694,1688,2017
1695,1695,1694,1688,2017
1696,1695,1694,1688,2017
1697,1697,1694,1688,2017
1698,1697,1694,1688,2017
1699,1699,1694,1688,2017
1700,1699,1694,1688,2017
1701,1699,1694,1688,2017
1702,1699,1694,1688,2017
1703,1703,1703,1688,2017
1704,1704,1703,1688,2017
1705,1704,1703,1688,2017
1706,1706,1703,1688,2017
1707,1706,1703,1688,2017
1708,1708,1703,1688,2017
1709,1708,1703,1688,2017
1710,1710,1710,1688,2017
1711,1711,1710,1688,2017
1712,1711,1710,1688,2017
1713,1713,1713,1713,2018
1714,1714,1714,1713,2018
1715,1715,1714,1713,2018
1716,1715,1714,1713,2018
1717,1715,1714,1713,2018
1718,1715,1714,1713,2018
1719,1715,1714,1713,2018
1720,1715,1714,1713,2018
1721,1721,1714,1713,2018
1722,1721,1714,1713,2018
1723,1723,1723,1713,2018
1724,1724,1723,1713,2018
1725,1724,1723,1713,2018
1726,1724,1723,1713,2018
1727,1724,1723,1713,2018
1728,1724,1723,1713,2018
1729,1724,1723,1713,2018
1730,1730,1723,1713,2018
1731,1730,1723,1713,2018
1732,1730,1723,1713,2018
1733,1730,1723,1713,2018
1734,1730,1723,1713,2018
1735,1730,1723,1713,2018
1736,1736,1736,1713,2018
1737,1737,1736,1713,2018
1738,1737,1736,1713,2018
1739,1739,1736,1713,2018
1740,1739,1736,1713,2018
1741,1741,1741,1713,2018
1742,1742,1741,1713,2018
1743,1742,1741,1713,2018
1744,1742,1741,1713,2018
1745,1742,1741,1713,2018
1746,1742,1741,1713,2018
1747,1742,1741,1713,2018
1748,1742,1741,1713,2018
1749,1749,1749,1713,2018
1750,1750,1749,1713,2018
1751,1750,1749,1713,2018
1752,1752,1752,1752,2019
1753,1753,1753,1752,2019
1754,1754,1753,1752,2019
1755,1754,1753,1752,2019
1756,1756,1753,1752,2019
1757,1756,1753,1752,2019
1758,1758,1758,1752,2019
1759,1759,1758,1752,2019
1760,1759,1758,1752,2019
1761,1759,1758,1752,2019
1762,1762,1758,1752,2019
1763,1762,1758,1752,2019
1764,1762,1758,1752,2019
1765,1762,1758,1752,2019
1766,1766,1766,1752,2019
1767,1767,1766,1752,2019
1768,1767,1766,1752,2019
1769,1767,1766,1752,2019
1770,1767,1766,1752,2019
1771,1771,1771,1752,2019
1772,1772,1771,1752,2019
1773,1772,1771,1752,2019
1774,1774,1771,1752,2019
1775,1774,1771,1752,2019
1776,1776,1771,1752,2019
1777,1776,1771,1752,2019
1778,1778,1778,1752,2019
1779,1779,1778,1752,2019
1780,1779,1778,1752,2019
1781,1779,1778,1752,2019
1782,1779,1778,1752,2019
1783,1783,1783,1752,2019
1784,1784,1783,1752,2019
1785,1784,1783,1752,2019
1786,1784,1783,1752,2019
1787,1784,1783,1752,2019
1788,1784,1783,1752,2019
1789,1789,1783,1752,2019
1790,1789,1783,1752,2019
1791,1789,1783,1752,2019
1792,1789,1783,1752,2019
1793,1793,1783,1752,2019
1794,1793,1783,1752,2019
1795,1793,1783,1752,2019
1796,1796,1783,1752,2019
1797,1796,1783,1752,2019
1798,1798,1783,1752,2019
1799,1798,1783,1752,2019
1800,1800,1783,1752,2019
1801,1800,1783,1752,2019
1802,1800,1783,1752,2019
1803,1803,1783,1752,2019
1804,1803,1783,1752,2019
1805,1803,1783,1752,2019
1806,1806,1806,1752,2019
1807,1807,1806,1752,2019
1808,1807,1806,1752,2019
1809,1807,1806,1752,2019
1810,1810,1810,1810,2020
1811,1811,1811,1810,2020
1812,1812,1811,1810,2020
1813,1812,1811,1810,2020
1814,1812,1811,1810,2020
1815,1812,1811,1810,2020
1816,1812,1811,1810,2020
1817,1812,1811,1810,2020
1818,1818,1818,1810,2020
1819,1819,1818,1810,2020
1820,1819,1818,1810,2020
1821,1819,1818,1810,2020
1822,1819,1818,1810,2020
1823,1819,1818,1810,2020
1824,1824,1824,1810,2020
1825,1825,1824,1810,2020
1826,1825,1824,1810,2020
1827,1827,1827,1810,2020
1828,1828,1827,1810,2020
1829,1828,1827,1810,2020
1830,1828,1827,1810,2020
1831,1828,1827,1810,2020
1832,1832,1832,1832,2020
1833,1833,1833,1832,2020
1834,1834,1833,1832,2020
1835,1834,1833,1832,2020
1836,1834,1833,1832,2020
1837,1837,1833,1832,2020
1838,1837,1833,1832,2020
1839,1837,1833,1832,2020
1840,1840,1833,1832,2020
1841,1840,1833,1832,2020
1842,1840,1833,1832,2020
1843,1843,1843,1832,2020
1844,1844,1843,1832,2020
1845,1844,1843,1832,2020
1846,1846,1843,1832,2020
1847,1846,1843,1832,2020
1848,1846,1843,1832,2020
1849,1846,1843,1832,2020
1850,1846,1843,1832,2020
1851,1846,1843,1832,2020
1852,1852,1852,1852,2021
1853,1853,1853,1852,2021
1854,1854,1853,1852,2021
1855,1854,1853,1852,2021
1856,1856,1853,1852,2021
1857,1856,1853,1852,2021
1858,1856,1853,1852,2021
1859,1856,1853,1852,2021
1860,1860,1853,1852,2021
1861,1860,1853,1852,2021
1862,1860,1853,1852,2021
1863,1863,1853,1852,2021
1864,1863,1853,1852,2021
1865,1863,1853,1852,2021
1866,1863,1853,1852,2021
1867,1867,1867,1852,2021
1868,1868,1867,1852,2021
1869,1868,1867,1852,2021
1870,1868,1867,1852,2021
1871,1871,1867,1852,2021
1872,1871,1867,1852,2021
1873,1871,1867,1852,2021
1874,1874,1867,1852,2021
1875,1874,1867,1852,2021
1876,1874,1867,1852,2021
1877,1877,1867,1852,2021
1878,1877,1867,1852,2021
1879,1879,1879,1879,2021
1880,1880,1880,1879,2021
1881,1881,1880,1879,2021
1882,1881,1880,1879,2021
1883,1881,1880,1879,2021
1884,1881,1880,1879,2021
1885,1885,1880,1879,2021
1886,1885,1880,1879,2021
1887,1885,1880,1879,2021
1888,1888,1880,1879,2021
1889,1888,1880,1879,2021
1890,1888,1880,1879,2021
1891,1888,1880,1879,2021
1892,1888,1880,1879,2021
1893,1888,1880,1879,2021
1894,1888,1880,1879,2021
1895,1888,1880,1879,2021
1896,1896,1880,1879,2021
1897,1896,1880,1879,2021
1898,1896,1880,1879,2021
1899,1899,1899,1879,2021
1900,1900,1899,1879,2021
1901,1900,1899,1879,2021
1902,1902,1899,1879,2021
1903,1902,1899,1879,2021
1904,1902,1899,1879,2021
1905,1902,1899,1879,2021
1906,1902,1899,1879,2021
1907,1907,1899,1879,2021
1908,1907,1899,1879,2021
1909,1907,1899,1879,2021
1910,1910,1899,1879,2021
1911,1910,1899,1879,2021
1912,1910,1899,1879,2021
1913,1913,1899,1879,2021
1914,1913,1899,1879,2021
1915,1913,1899,1879,2021
1916,1913,1899,1879,2021
1917,1913,1899,1879,2021
1918,1918,1918,1918,2022
1919,1919,1919,1918,2022
1920,1920,1919,1918,2022
1921,1920,1919,1918,2022
1922,1922,1919,1918,2022
1923,1922,1919,1918,2022
1924,1924,1924,1918,2022
1925,1925,1924,1918,2022
1926,1925,1924,1918,2022
1927,1927,1927,1918,2022
1928,1928,1927,1918,2022
1929,1928,1927,1918,2022
1930,1928,1927,1918,2022
1931,1928,1927,1918,2022
1932,1928,1927,1918,2022
1933,1928,1927,1918,2022
1934,1934,1927,1918,2022
1935,1934,1927,1918,2022
1936,1936,1927,1918,2022
1937,1936,1927,1918,2022
1938,1936,1927,1918,2022
1939,1939,1927,1918,2022
1940,1939,1927,1918,2022
1941,1941,1941,1941,2022
1942,1942,1942,1941,2022
1943,1943,1942,1941,2022
1944,1943,1942,1941,2022
1945,1945,1942,1941,2022
1946,1945,1942,1941,2022
1947,1947,1947,1941,2022
1948,1948,1947,1941,2022
1949,1948,1947,1941,2022
1950,1948,1947,1941,2022
1951,1948,1947,1941,2022
1952,1952,1947,1941,2022
1953,1952,1947,1941,2022
1954,1954,1954,1941,2022
1955,1955,1954,1941,2022
1956,1955,1954,1941,2022
1957,1957,1954,1941,2022
1958,1957,1954,1941,2022
1959,1957,1954,1941,2022
1960,1957,1954,1941,2022
1961,1957,1954,1941,2022
1962,1962,1962,1962,2022
1963,1963,1963,1962,2022
1964,1964,1963,1962,2022
1965,1964,1963,1962,2022
1966,1964,1963,1962,2022
1967,1964,1963,1962,2022
1968,1964,1963,1962,2022
1969,1969,1963,1962,2022
1970,1969,1963,1962,2022
1971,1969,1963,1962,2022
1972,1969,1963,1962,2022
1973,1973,1973,1962,2022
1974,1974,1973,1962,2022
1975,1974,1973,1962,2022
1976,1974,1973,1962,2022
1977,1974,1973,1962,2022
1978,1978,1973,1962,2022
1979,1978,1973,1962,2022
1980,1978,1973,1962,2022
1981,1981,1973,1962,2022
1982,1981,1973,1962,2022
1983,1981,1973,1962,2022
1984,1981,1973,1962,2022
1985,1981,1973,1962,2022
1986,1981,1973,1962,2022
1987,1981,1973,1962,2022
1988,1988,1988,1988,2023
1989,1989,1989,1988,2023
1990,1990,1989,1988,2023
1991,1990,1989,1988,2023
1992,1992,1992,1992,2023
1993,1993,1993,1992,2023
1994,1994,1993,1992,2023
1995,1994,1993,1992,2023
1996,1996,1996,1992,2023
1997,1997,1996,1992,2023
1998,1997,1996,1992,2023
1999,1999,1999,1999,2024
2000,2000,2000,1999,2024
2001,2001,2000,1999,2024
2002,2001,2000,1999,2024
2003,2001,2000,1999,2024
2004,2004,2004,2004,2004
2005,2005,2005,2005,2005
2006,2006,2006,2006,2006
2007,2007,2007,2007,2007
2008,2008,2008,2008,2008
2009,2009,2009,2009,2009
2010,2010,2010,2010,2010
2011,2011,2011,2011,2011
2012,2012,2012,2012,2012
2013,2013,2013,2013,2013
2014,2014,2014,2014,2014
2015,2015,2015,2015,2015
2016,2016,2016,2016,2016
2017,2017,2017,2017,2017
2018,2018,2018,2018,2018
2019,2019,2019,2019,2019
2020,2020,2020,2020,2020
2021,2021,2021,2021,2021
2022,2022,2022,2022,2022
2023,2023,2023,2023,2023
2024,2024,2024,2024,2024
2025,2025,2025,2025,2025
